{
  "2":21.9573306363,
  "39":41.7466585426,
  "18":59.8736113997,
  "37":76.0549873393,
  "42":82.875261183,
  "44":86.4420317853,
  "35":89.0004472668,
  "26":91.5492537632,
  "27":93.9350377911,
  "1":96.1599203455,
  "28":96.5541519201,
  "29":96.9062938697,
  "19":97.2002503703,
  "6":97.4929425308,
  "17":97.7821203418,
  "3":98.0442257922,
  "8":98.2800329678,
  "9":98.508563737,
  "32":98.6523063086,
  "22":98.7929835006,
  "23":98.9300689344,
  "11":99.04046389,
  "15":99.1464155931,
  "20":99.2437543017,
  "24":99.3376870327,
  "25":99.4279815605,
  "10":99.5022783151,
  "41":99.5759248377,
  "36":99.6479509407,
  "33":99.7178921726,
  "16":99.7829102189,
  "21":99.8429173498,
  "12":99.9020626651,
  "7":99.9480588431,
  "43":99.9775411908,
  "14":100.0
}